User ID,Predicts
A38YS1DNHC3CVC,"B003YC8NS2,B016KDZHCG,B008XWXZ9U,B00176B8BG,B01B4OIJ6M,B000IIA5UO,B00176GSEI,B001EGP680,B001PLXLU4,B00DX7QL2S,B015WFNLR6,"
A3HAA7H8PBVM78,"B01B4OIJ6M,B00DX7QL2S,B001EGP680,B001PLXLU4,B017GZJFV6,B0058YKIA0,B0015Z2XD6,B01B4OIJ62,B009G532FA,B00940L86C,B001GPUHZQ,"
A39LRLKACX89IP,"B001GPUHZQ,B01CP39FL4,B002SQ6K1M,B01B4OIJ62,B01A982YRO,B01B3QIEPC,B00LNJSDWO,B008H6N7TU,B009S7H0UE,B01CP39HMG,B017GZJFV6,"
A2UM324B00HBC8,"B01AZR97RE,B00G193RVI,B01B4OIJ62,B008H6N7TU,B01A982YRO,B0025YVBG6,B01B3QIEPC,B0010MGNK8,B001GPUHZQ,B002SQ6K1M,B009S7H0UE,"
A5GPH59NDWJRB,"B01CP39HMG,B01CP39M4O,B008H6N7TU,B003QXZWYW,B00T07GQ3E,B00LNJSDWO,B001KOTQQ4,B01CP39FL4,B0010JREC2,B00J4F3YVY,B002SQ6K1M,"
A26W1STWGZ0V8J,"B005DUA5BG,B000O7NP38,B00SNM5US4,B014AH60PW,B001T0HHAG,B01F8B7H24,B000ULGO7M,B008XWXZ9U,B000EM9CU8,B002RS6JSA,B00IMRC4SY,"
A1AKQ1YUS4BT82,"B00MTUT834,B00D3M0V4C,B01DOZ5AA2,B00MFTOMLC,B004LCZEJK,B00O9E4JBO,B001KOTQQ4,B000068DWY,B000OOSHAM,B0009OAGVA,B00T07GQ3E,"
A35IX2GE0VC0JP,"B016KDZHCG,A38YS1DNHC3CVC,B01B4OIJ6M,B00DX7QL2S,B008VKEA9I,B016N2SDVG,B009G532FA,B00CYHM7NU,B0015Z2XD6,B00CYHM3Y8,B00O56OWV8,"
A1IZJVLNMFACS6,"B003QXZWYW,B0025YVBG6,B01CP39HMG,A5GPH59NDWJRB,B01A982YRO,B01B4OIJ62,B01AZR97RE,B000GEJQKK,B008H6N7TU,A2UM324B00HBC8,B002P3L99G,"
ATYL6HLA621R4,"B01D90BYKC,B0009OAGVA,B001CENUN2,B01AY5UCGC,B005CVGJFM,B002A9JONI,B00BXKET7G,B00FW6O5FI,B018GZYGFU,B0013J8ARW,B002K6AHQY,"
A1SCNB4DE7XPKT,"B002A9JONI,B011J6HJKM,B001CENUN2,B01D90BYKC,ATYL6HLA621R4,B005CVGJFM,B00EXW53GC,B00172BJ3W,B006RBR7NO,B00DX7QL2S,B001O1K3I8,"
AMS2CPERWN7JV,"B004RGM1L4,B00T07GQ3E,B0161ZC5GY,B0025YVBG6,B009S7H0UE,B01CP39M4O,B000IOAA3K,A39LRLKACX89IP,B00ZY65RUI,B00QA29O2C,B01B3QIEPC,"
AGA7LFNS3YUXC,"B01CP39M4O,B01CP39HMG,A5GPH59NDWJRB,B001KOTQQ4,B00B95PWFS,B00T07GQ3E,B00D3M0V4C,B004LCZEJK,B00MTUT834,A1AKQ1YUS4BT82,B00172O9NO,"
A5P60H1YBPXBE,"B00B95PWFS,B00014GT8W,B00J66M2SM,B0012XM8MC,B00H2VO6P0,B00M0V352C,B00TBJWP86,B002HG7NX2,B009S7H0UE,B002P3L99G,B00M0V3D7Y,"
A1J5PASA4OMBI4,"B00ZY65RUI,B00T07GQ3E,B0060OUV5Y,B0025YVBG6,B00B4F0LZ4,B01CP39HMG,A5GPH59NDWJRB,B009S7H0UE,A39LRLKACX89IP,B000IOAA3K,B002P3L99G,"
A2FRAS05LEI6JJ,"B001EGP680,B01B4OIJ6M,B00DX7QL2S,A3HAA7H8PBVM78,B0015Z2XD6,B016N2SDVG,B009G532FA,B00O56OWV8,A35IX2GE0VC0JP,B016KDZHCG,B007PCB5OQ,"
A2HOI48JK8838M,"B00004U9V2,B00FASVFI8,B015WFNLR6,B000ZOFUOC,B0010JREC2,B000O5WCN4,B00UI3OLZE,B00LNJSDWO,B0161ZC5GY,AGA7LFNS3YUXC,B01CP39M4O,"
A2B8GXSCB1R05T,"A35IX2GE0VC0JP,B016KDZHCG,A38YS1DNHC3CVC,B01B4OIJ6M,A3HAA7H8PBVM78,B008VKEA9I,B009G532FA,B016N2SDVG,B00YETJ47I,B001GPUHZQ,B000GEJQKK,"
AM2FXMJCQAHEE,"B00BJ5XCBE,B01B3QIEPC,B001GPUHZQ,B00PX78KPM,B0058YKIA0,B016FD2DQY,A3HAA7H8PBVM78,A39LRLKACX89IP,B001QTLNK0,B013WZDAFQ,A2UM324B00HBC8,"
A3QGVH7WIATOSP,"B000CRQHNU,B00IZO0LLG,B0001EKVGS,B00FYSZDQ4,B008MAPGEK,B0002H842C,B001FNPJ5C,B004SGZ610,B000PHZ7GK,B001PLXLU4,B008VKEA9I,"
A36U7QMYILRLSW,"B01A982YRO,B01CP39HMG,A39LRLKACX89IP,A5GPH59NDWJRB,AGA7LFNS3YUXC,B0025YVBG6,B009S7H0UE,B008H6N7TU,B01CP39M4O,B01CP39FL4,B01B3QIEPC,"
A12C1OTJ37UUG7,"B000MIH34Q,B01D90BYKC,ATYL6HLA621R4,B001LITXVW,B001G9CJO4,B000FGVJWW,B01GKH6FTQ,B018GZYGFU,B004SGZ610,B0161ZC5GY,A3QGVH7WIATOSP,"
A3NHUQ33CFH3VM,"B000LD3J3Q,B000ULGO7M,B000KQD45C,B000GEJQKK,B0025YVBG6,B00203MP9E,B00J9PYEYU,B01F8B7H24,B01B4OIJ62,B00KYCLTCM,B001GPUHZQ,"
A2BYZFC6T5MINP,"B000O7NP38,B000LD3J3Q,B00203MP9E,B00J9PYEYU,B000ULGO7M,B00KYCLTCM,A3NHUQ33CFH3VM,B00YFVBQEO,B01F8B7H24,B00SNM5US4,B01CP39M4O,"
A5U5T6EWH90O0,"B018GZYGFU,B001G9CJO4,B001LITXVW,B0010OKF7S,B00YFVBQEO,B000EM9CU8,B01GKH6FTQ,B004SGZ610,B0002RI2PG,B00MGSJG3G,A2BYZFC6T5MINP,"
AW1YYDMOAII0I,"B004SGZ610,B0001EKVCW,B001G9CJO4,B001LITXVW,B01GKH6FTQ,A3QGVH7WIATOSP,B00COV2LUA,B001O1K3I8,B0012XM8MC,B00021D2Z2,B00F9JGPTW,"
A14NA0W8ESGDSI,"B01CF4J540,B00ZE3SSSO,B00ZVFKY14,B00JZ2AURM,B01GOZ61O8,B00J9POUBC,B004W55086,B00B95PWFS,A5P60H1YBPXBE,A36U7QMYILRLSW,B00XNTNH6Y,"
A1DW36J0ZTN8QY,"B017GZJFV6,A3HAA7H8PBVM78,B01B3QIEPC,B0058YKIA0,B01B4OIJ62,B001GPUHZQ,B001QTLNK0,B01B4OIJ6M,A39LRLKACX89IP,A2UM324B00HBC8,B01G2LKQTK,"
A1GQAKL9CGQLP1,"B01CP39HMG,A5GPH59NDWJRB,A36U7QMYILRLSW,B01A982YRO,B01B4OIJ62,B008H6N7TU,B0025YVBG6,B003QXZWYW,A1IZJVLNMFACS6,A39LRLKACX89IP,B00T07GQ3E,"
A2XFOE9KPMXELR,"B003OGV7UO,B004N2S2JM,B00X8T2L5W,B00R3PZK14,B00WVOS6EK,B00AAV845M,B00B9OR1IA,B01CEJLJOK,B0006PJRRG,B0006PJRVM,B000NG80GM,"
A19KLUZ1XD3SRN,"B00B95PWFS,A5P60H1YBPXBE,B00M0V39VE,B00014GT8W,A36U7QMYILRLSW,B00J66M2SM,B0012XM8MC,B004DQ0D1I,B00H2VO6P0,AGA7LFNS3YUXC,B00M0V352C,"
A1EMN4T3ROJDOO,"B00B95PWFS,A5P60H1YBPXBE,A19KLUZ1XD3SRN,B00014GT8W,A36U7QMYILRLSW,B0012XM8MC,B004DQ0D1I,B00M0V352C,B002HG7NX2,B009S7H0UE,B002P3L99G,"
A1T71T5GUD8FJ3,"B000NW4LDM,B00O9E4JBO,B0006PLPE4,B002K6AHQY,B00CNE2GOO,B00D3M0V4C,B000C1VYDY,B01GFYWYC6,B000EM9CU8,AGA7LFNS3YUXC,A36U7QMYILRLSW,"
A3E4EGAJSSL04J,"B0031NNE56,B001O1K3I8,B01B4OIJ6M,B001EGP680,A2FRAS05LEI6JJ,B00B95PWFS,A5P60H1YBPXBE,A19KLUZ1XD3SRN,A1EMN4T3ROJDOO,B01DQG3DFI,B00014GT8W,"
A31AVXMESQRQAC,"B00B4F0LZ4,B00ZY65RUI,A1J5PASA4OMBI4,B000TUNMW4,A36U7QMYILRLSW,AGA7LFNS3YUXC,B01CP39HMG,A1GQAKL9CGQLP1,B002P3L99G,A5GPH59NDWJRB,B0161ZC5GY,"
A2IGQTQGWVL230,"B001QTLNK0,B01B3QIEPC,B0058YKIA0,B016FD2DQY,B017GZJFV6,A1DW36J0ZTN8QY,A36U7QMYILRLSW,B002P3L99G,B001GPUHZQ,A2UM324B00HBC8,B00QPNKVGY,"
A24O15MYDNLZBE,"B00B4F0LZ4,A31AVXMESQRQAC,B00ZY65RUI,A1J5PASA4OMBI4,B000TUNMW4,A36U7QMYILRLSW,B0025YVBG6,A39LRLKACX89IP,B00TKOK5KC,AGA7LFNS3YUXC,B01CP39HMG,"
A2OW1FKQFPIA5D,"A3HAA7H8PBVM78,B00940L86C,B00ZY9MZZU,B01B4OIJ6M,A2UM324B00HBC8,B0025YVBG6,B001EGP680,A2FRAS05LEI6JJ,B017GZJFV6,A1DW36J0ZTN8QY,B001PLXLU4,"
APR52YKQ7EZVV,"B00R5DS94O,B004ILMUYG,B0037MIMLW,B01A982YRO,A2UM324B00HBC8,B001GPUHZQ,B01AZR97RE,B01B4OIJ62,B01B3QIEPC,B002SQ6K1M,A36U7QMYILRLSW,"
AYCDZQ43FGKR,"B00172O9NO,AGA7LFNS3YUXC,B01CP39M4O,B003BT6HNQ,B000ULD9XE,B001PMIN10,B00203MPJY,A1J5PASA4OMBI4,B000V3ME6Y,B00G6H88FK,B0015ZC0W0,"
ADCFYDFH76H20,"B0015ZC0W0,B001G60E3K,B001GAOV9Y,B0052H2JXW,B00WIJP48Y,B0015ZC13I,B00C8FVXQA,B002P3L99G,B001QTLNK0,A2IGQTQGWVL230,B0015Z9096,"
A231LBC8EGPO5L,"B00ZY9MZZU,A2OW1FKQFPIA5D,B01AZR97RE,B0025YVBG6,B00940L86C,A2UM324B00HBC8,A3HAA7H8PBVM78,A36U7QMYILRLSW,B01A982YRO,B01B4OIJ62,B00ZY65RUI,"
AR2CNXO5LU4JP,"B00B95PWFS,A5P60H1YBPXBE,A19KLUZ1XD3SRN,A1EMN4T3ROJDOO,B00M0V39VE,B00014GT8W,A36U7QMYILRLSW,B00J66M2SM,B00H2VO6P0,AGA7LFNS3YUXC,B00M0V352C,"
APPJNVNF4BFLB,"B00JZ2AURM,B011JFR26Y,B01DSY5XZ6,B01CF4J540,A14NA0W8ESGDSI,B01GOZ61O8,B001GPUHZQ,B006HI60EY,B01A982YRO,B009S7H0UE,A36U7QMYILRLSW,"
A3AO77W3NW2N9G,"B00PSFLL3M,A3NHUQ33CFH3VM,B0058YKIA0,B01B4OIJ62,A3HAA7H8PBVM78,B01B3QIEPC,B017GZJFV6,A1DW36J0ZTN8QY,B001QTLNK0,A2IGQTQGWVL230,B0015Z2XD6,"
A23IOT68MCMXMP,"A2XFOE9KPMXELR,B003OGV7UO,B004N2S2JM,B00R3PZK14,B00AAV845M,B00X8T2L5W,B00B9OR1IA,B00WVOS6EK,B01CEJLJOK,B000NG80GM,B000142FVW,"
A2GA64WZK8PKBC,"A3HAA7H8PBVM78,A2OW1FKQFPIA5D,A231LBC8EGPO5L,B00DX7QL2S,B0025YVBG6,B0015Z2XD6,B008VKEA9I,B0010JREC2,B017GZJFV6,A1DW36J0ZTN8QY,A36U7QMYILRLSW,"
AJX9A4Q19UTJU,"B016FD2DQY,B001QTLNK0,A2IGQTQGWVL230,A2UM324B00HBC8,A36U7QMYILRLSW,B0058YKIA0,B01A982YRO,A231LBC8EGPO5L,B017GZJFV6,A1DW36J0ZTN8QY,B00172I5IE,"
A5BJMAHZWGJ7N,"B000SWY05Q,B0001EL9BO,B0002RI2PG,B00F9JGPTW,B001GAOUZY,B000QU75H0,B00B95PWFS,A5P60H1YBPXBE,A19KLUZ1XD3SRN,A1EMN4T3ROJDOO,AR2CNXO5LU4JP,"
A3U5HKDHPYBAK3,"B002SQ6K1M,B00B4F0LZ4,A31AVXMESQRQAC,A24O15MYDNLZBE,B00ZY65RUI,A39LRLKACX89IP,A231LBC8EGPO5L,A36U7QMYILRLSW,B001GPUHZQ,A1J5PASA4OMBI4,B01A982YRO,"
A224KM22RQ5CD4,"B00D3M0V4C,B01CP39HMG,A1GQAKL9CGQLP1,A5GPH59NDWJRB,B01CP39M4O,AGA7LFNS3YUXC,A36U7QMYILRLSW,B00MTUT834,A1AKQ1YUS4BT82,B01A982YRO,A231LBC8EGPO5L,"
A25B1VQ8UIH82U,"B00G0IKDWG,B01AY5UCGC,B00G193RVI,A2UM324B00HBC8,B001CENUN2,A2OW1FKQFPIA5D,B001QTLNK0,A2IGQTQGWVL230,B000TUNMW4,B016FD2DQY,B009C5NAJC,"
AP9Z703TP9YCM,"B01CP39M4O,AGA7LFNS3YUXC,A5GPH59NDWJRB,B01CP39HMG,A1GQAKL9CGQLP1,A224KM22RQ5CD4,A36U7QMYILRLSW,A2BYZFC6T5MINP,B001KOTQQ4,B00T07GQ3E,A1J5PASA4OMBI4,"
A141R97FHSSUQ0,"B009S7H0UE,A231LBC8EGPO5L,B01A982YRO,A36U7QMYILRLSW,B002P3L99G,B01B3QIEPC,A2UM324B00HBC8,B00TKOK5KC,A39LRLKACX89IP,B01AZR97RE,A3U5HKDHPYBAK3,"
A15T9G38F589KM,"B0032Z24JU,B000TUNMW4,B009C5NAJC,B0015Z52JS,B015WFNLR6,A231LBC8EGPO5L,B001GPUHZQ,B000AV4XW0,B003RJ165Y,A39LRLKACX89IP,B000V3ME6Y,"
A3KWR8J6CUUU63,"A3HAA7H8PBVM78,B002SQ6K1M,B01B4OIJ6M,A2GA64WZK8PKBC,A2OW1FKQFPIA5D,A3U5HKDHPYBAK3,B00DX7QL2S,B001GPUHZQ,B01B4OIJ62,A39LRLKACX89IP,A231LBC8EGPO5L,"
A2DUS24FBC9FH5,"B004QA77JW,B0006PKIQA,B001ABYS4C,B00F6XZVXC,B00BJ5XCBE,AM2FXMJCQAHEE,B0057MMSWY,B018GZYGFU,A5U5T6EWH90O0,B001G60E3K,B001GAOV9Y,"
AE76U8LPKIO20,"B00H2VO6P0,B00M0V39VE,B00J66M2SM,B0002RI2PG,B002HG7NX2,B00014GT8W,B00B95PWFS,A5P60H1YBPXBE,A19KLUZ1XD3SRN,A1EMN4T3ROJDOO,AR2CNXO5LU4JP,"
AIK0G28AWIL17,"B0058YKIA0,A3HAA7H8PBVM78,B001QTLNK0,A2IGQTQGWVL230,B01B3QIEPC,B00PSFLL3M,A3AO77W3NW2N9G,B016FD2DQY,A3KWR8J6CUUU63,AJX9A4Q19UTJU,B001GPUHZQ,"
A2RX62V4E2BF5Z,"B00D3M0V4C,A224KM22RQ5CD4,B00MTUT834,A1AKQ1YUS4BT82,B001KOTQQ4,AP9Z703TP9YCM,B01CP39M4O,B00MFTOMLC,B00O9E4JBO,B01CP39HMG,A1GQAKL9CGQLP1,"
A3VGAP2KLCBNBB,"B0010JREC2,B00ZY65RUI,A1J5PASA4OMBI4,A231LBC8EGPO5L,B01CP39HMG,A1GQAKL9CGQLP1,A5GPH59NDWJRB,A3U5HKDHPYBAK3,B0025YVBG6,A39LRLKACX89IP,A224KM22RQ5CD4,"
AVFJ327UXPXLF,"B0010MGK6A,B0017SWIU4,B0001UWRCI,B01B3QIEPC,B002P3L99G,APR52YKQ7EZVV,B00R5DS94O,B000V3ME6Y,B009S7H0UE,A141R97FHSSUQ0,A36U7QMYILRLSW,"
A1TPWGBNIYJ76F,"A2BYZFC6T5MINP,B01CP39M4O,AP9Z703TP9YCM,AGA7LFNS3YUXC,B01CP39FL4,B000O7NP38,A36U7QMYILRLSW,A3VGAP2KLCBNBB,A39LRLKACX89IP,B01CP39HMG,A1GQAKL9CGQLP1,"
ACMSQCH1H7JZD,"B000142FVW,B000NG80GM,A23IOT68MCMXMP,B003OGV7UO,B004N2S2JM,B001B271Q2,B001O51GUI,B00B9OR1IA,B0018BQ5MW,A2XFOE9KPMXELR,B00R3PZK14,"
A3Q1J68QY1MZQ9,"B005CVGJFM,B00EXW53GC,B00G193SGW,B00V3LFC3U,B01AY5UCGC,A3HAA7H8PBVM78,B017GZJFV6,A1DW36J0ZTN8QY,B01B4OIJ6M,B001QTLNK0,A2IGQTQGWVL230,"
A23P5BO1UGNIRR,"B00MFTOMLC,B004LCZEJK,A2B8GXSCB1R05T,A35IX2GE0VC0JP,B016KDZHCG,A224KM22RQ5CD4,AP9Z703TP9YCM,B01CP39M4O,AGA7LFNS3YUXC,B001KOTQQ4,A38YS1DNHC3CVC,"
A1FDSZISWIXH1A,"B015WFNLR6,A15T9G38F589KM,B001GAOUZY,B003YC8NS2,A38YS1DNHC3CVC,B000AV4XW0,B008XWXZ9U,A2HOI48JK8838M,B000IOAA3K,A36U7QMYILRLSW,B00B95PWFS,"
A1JEAPSES2HNVE,"B0025YVBG6,A231LBC8EGPO5L,A2GA64WZK8PKBC,B0161ZC5GY,B01AZR97RE,A3NHUQ33CFH3VM,B01A982YRO,B00ZY9MZZU,A36U7QMYILRLSW,A3VGAP2KLCBNBB,A2UM324B00HBC8,"
A3K1ZGGHL4EXU,"B00JRW7QCC,B00F6XZN9O,B00F6XZNGM,B001G60E3K,B001GAOV9Y,B0052H2JXW,B00WIJP48Y,B002P3L99G,B00EXW53GC,B00C8FVXQA,B0015Z9096,"
A27D0VRNOOUNRR,"B001PLXLU4,B01B4OIJ6M,B001EGP680,A2FRAS05LEI6JJ,A3HAA7H8PBVM78,B00DX7QL2S,B008VKEA9I,B0015Z2XD6,B016N2SDVG,A2OW1FKQFPIA5D,B00YETJ47I,"
A3NDUBKYPI47N2,"B00PSFLL3M,A3AO77W3NW2N9G,B001QTLNK0,A2IGQTQGWVL230,B01B3QIEPC,B0058YKIA0,AIK0G28AWIL17,A3NHUQ33CFH3VM,B01B4OIJ62,B017GZJFV6,A1DW36J0ZTN8QY,"
A3JV4PJZD5O4NJ,"A1FDSZISWIXH1A,B015WFNLR6,B003YC8NS2,B008XWXZ9U,A38YS1DNHC3CVC,A15T9G38F589KM,B00176B8BG,B00B95PWFS,A5P60H1YBPXBE,A19KLUZ1XD3SRN,A1EMN4T3ROJDOO,"
AIWN1666ZUAP9,"ACMSQCH1H7JZD,B000NG80GM,B000142FVW,B0018BQ5MW,A23IOT68MCMXMP,B001B271Q2,B003OGV7UO,B004N2S2JM,B001O51GUI,B00B9OR1IA,A2XFOE9KPMXELR,"
A3FHSLWEMH7JD8,"B01CP39HMG,A1GQAKL9CGQLP1,A5GPH59NDWJRB,A224KM22RQ5CD4,AP9Z703TP9YCM,A36U7QMYILRLSW,A3VGAP2KLCBNBB,B01A982YRO,B01B4OIJ62,A231LBC8EGPO5L,B008H6N7TU,"
AGEKVD8JPZQMT,"B00CYHM7NU,B00CYHM3Y8,A2B8GXSCB1R05T,A231LBC8EGPO5L,B016FD2DQY,A35IX2GE0VC0JP,B013WZDAFQ,B016KDZHCG,B01B3QIEPC,A15T9G38F589KM,B0032Z24JU,"
A1N1ZSVWOX7WUB,"B000ZOFUOC,B001GAOUZY,B001DTZK0C,A1FDSZISWIXH1A,B015WFNLR6,B01B4OIJ62,B00FASVFI8,B0010JREC2,B01CP39HMG,A1GQAKL9CGQLP1,A3FHSLWEMH7JD8,"
A2V5R832QCSOMX,"B00LNJSDWO,A231LBC8EGPO5L,B00ZY9MZZU,B01B3QIEPC,B001GPUHZQ,B01B4OIJ62,B01A982YRO,A2UM324B00HBC8,A2OW1FKQFPIA5D,A3KWR8J6CUUU63,A39LRLKACX89IP,"
A3JUHP1E3WUHEA,"B000GEJQKK,B0032Z24JU,A15T9G38F589KM,A2V5R832QCSOMX,B005CVGJFM,A3Q1J68QY1MZQ9,A231LBC8EGPO5L,B000LD3J3Q,A36U7QMYILRLSW,B001GPUHZQ,A3KWR8J6CUUU63,"
A93YMZM7YKG1G,"B008XWXZ9U,B003YC8NS2,A38YS1DNHC3CVC,A3JV4PJZD5O4NJ,B00176B8BG,B000IIA5UO,B00176GSEI,B000O7NP38,A2BYZFC6T5MINP,B00SNM5US4,B000EMDK2Y,"
A1O229NVVDJUX2,"B01CP39HMG,A1GQAKL9CGQLP1,A3FHSLWEMH7JD8,A5GPH59NDWJRB,A36U7QMYILRLSW,A224KM22RQ5CD4,B008H6N7TU,B01B4OIJ62,A231LBC8EGPO5L,AP9Z703TP9YCM,A3VGAP2KLCBNBB,"
A3S5WYWYKSAI9C,"B00D3M0V4C,A2RX62V4E2BF5Z,A224KM22RQ5CD4,B00MTUT834,A1AKQ1YUS4BT82,B001KOTQQ4,AP9Z703TP9YCM,B01CP39M4O,AGA7LFNS3YUXC,B00MFTOMLC,B00O9E4JBO,"
A25EOTX5I354I2,"B001G60EK8,B00IMJF09M,B00CFM5VGY,B000C1VYDY,B00T07GQ3E,AMS2CPERWN7JV,B00LCBRIW4,A1J5PASA4OMBI4,B01GFYWYC6,B000EM9CU8,B00EVTH9PK,"
A59Y0ZV1VX46K,"B00203MPJY,B01GDUM666,B00172O9NO,AYCDZQ43FGKR,B0015ZC0W0,ADCFYDFH76H20,B01G2LF2VW,B00G6H88FK,B00LCBRIW4,B001G60E3K,B001GAOV9Y,"
A2G4LKK57XMBL3,"B00T57UPNQ,B0015ZC124,B00OMLC9HA,A39LRLKACX89IP,B01B3QIEPC,B016FD2DQY,A36U7QMYILRLSW,A2V5R832QCSOMX,B001GPUHZQ,AJX9A4Q19UTJU,A3VGAP2KLCBNBB,"
A22E56DQ8FTP36,"B002SQ6K1M,A3KWR8J6CUUU63,A3U5HKDHPYBAK3,A39LRLKACX89IP,B001GPUHZQ,B01A982YRO,A2V5R832QCSOMX,B01B4OIJ62,A231LBC8EGPO5L,B008H6N7TU,A2UM324B00HBC8,"
A17PDN3EW1F05G,"B000PHVTVC,B01G2KWBZS,B009C5NAJC,B000TUNMW4,B01HGSJPMW,AMS2CPERWN7JV,B011JFR26Y,B00T07GQ3E,B001MF3FMW,B001FNPJ5C,A1J5PASA4OMBI4,"
A1GMGLN1UKXAD1,"B000ULD9XE,B001PMIN10,B00C8FVXQA,B00BD3R1PU,B003BT6HNQ,B01G2LKQTK,B002P3L99G,A231LBC8EGPO5L,B001G60E3K,B001GAOV9Y,B0052H2JXW,"
A3TNM3C9ENUCFW,"B003YC8NS2,B008XWXZ9U,A93YMZM7YKG1G,A3JV4PJZD5O4NJ,B00176B8BG,B015WFNLR6,A1FDSZISWIXH1A,B002RS6JSA,B00SNM5US4,B005DUA5BG,A26W1STWGZ0V8J,"
A1CEG62GJ3BI5U,"B00B95PWFS,A5P60H1YBPXBE,A19KLUZ1XD3SRN,A1EMN4T3ROJDOO,AR2CNXO5LU4JP,B0161ZC5GY,A36U7QMYILRLSW,B00M0V39VE,B00TKOK5KC,A231LBC8EGPO5L,B002P3L99G,"
A3TJ9NCZKS46LL,"B000CQYJ4U,B00172PC3A,B00C8FVY3M,B00FW6ZTW6,B001NZ1OWO,B001G60E3K,B001GAOV9Y,B0052H2JXW,B00WIJP48Y,B000CNTT9I,B003BT6HMW,"
A2YKWYC3WQJX5J,"B0010MGNK8,A2V5R832QCSOMX,A2UM324B00HBC8,B01B4OIJ62,B01A982YRO,B009S7H0UE,A141R97FHSSUQ0,B008H6N7TU,A1O229NVVDJUX2,B00LNJSDWO,B01B3QIEPC,"
A3T6HX48F66512,"B01CP39FL4,A39LRLKACX89IP,A1TPWGBNIYJ76F,B01CP39HMG,A1GQAKL9CGQLP1,A3FHSLWEMH7JD8,A5GPH59NDWJRB,B00ZY65RUI,A3VGAP2KLCBNBB,AP9Z703TP9YCM,B00NGJLCEK,"
A3AHDR4F2J7YXX,"B01CP39FL4,A3T6HX48F66512,A39LRLKACX89IP,A1TPWGBNIYJ76F,B000J10II4,A36U7QMYILRLSW,B01HGSJPMW,B00NGJLCEK,A1O229NVVDJUX2,AP9Z703TP9YCM,A224KM22RQ5CD4,"
A1O4PNHACFEDEM,"B00FF77IQC,B001JHEY14,B001MF3FMW,B00837YY18,B0013J8ARW,B00G2JJDGU,B00PKA9NWQ,B0015ZC1CY,A3VGAP2KLCBNBB,A3U5HKDHPYBAK3,A36U7QMYILRLSW,"
A1NOV41485TE0D,"B00PX78KPM,B00XNTNH6Y,B00F6XZNLM,B01A982YRO,B01G2LF2VW,A2V5R832QCSOMX,B001GPUHZQ,B00F6XZNGM,B01B3QIEPC,B002P3L99G,B008H6N7TU,"
A3IUW081KXD3PE,"B01A982YRO,A3KWR8J6CUUU63,A3HAA7H8PBVM78,B0010MGNK8,A2YKWYC3WQJX5J,A1O229NVVDJUX2,B01B4OIJ6M,B01B4OIJ62,A2GA64WZK8PKBC,A231LBC8EGPO5L,B01AZR97RE,"
APD7XINUVG5AL,"B003YC8NS2,A3TNM3C9ENUCFW,B008XWXZ9U,A93YMZM7YKG1G,A38YS1DNHC3CVC,A3JV4PJZD5O4NJ,B00176B8BG,B000IIA5UO,B00176GSEI,B000O7NP38,B015WFNLR6,"
ANHL7BB84WJMF,"B003QXZWYW,A1IZJVLNMFACS6,A231LBC8EGPO5L,B0025YVBG6,A1JEAPSES2HNVE,A2V5R832QCSOMX,B00ZY9MZZU,A36U7QMYILRLSW,A1O229NVVDJUX2,A3IUW081KXD3PE,A3VGAP2KLCBNBB,"
AMUP8DYE7EAN2,"B001GPUHZQ,A39LRLKACX89IP,A2V5R832QCSOMX,A3KWR8J6CUUU63,B002SQ6K1M,A22E56DQ8FTP36,A3IUW081KXD3PE,B01B4OIJ62,A231LBC8EGPO5L,B01A982YRO,B00LNJSDWO,"
A5K3CK2PWYQ7O,"B00ZVFKY14,B00JZ2AURM,APPJNVNF4BFLB,A3NDUBKYPI47N2,B011JFR26Y,B01B3QIEPC,B01DSY5XZ6,B01CF4J540,A14NA0W8ESGDSI,A2V5R832QCSOMX,B01A982YRO,"
A2UXYXRUPAO4TC,"B00N0YMMMC,B0006FMQWO,A3HAA7H8PBVM78,A2OW1FKQFPIA5D,A3KWR8J6CUUU63,B00172I5IE,B01B4OIJ6M,B01B3QIEPC,A3IUW081KXD3PE,B001QTLNK0,A2IGQTQGWVL230,"
A3PSZ52D77DM4P,"B000QGKQXO,B004UMYEIS,B00203Q9B4,B0001Z66UM,B016M9UFJ8,B01DWRRVC2,B004FH8NAS,B01D90BYKC,ATYL6HLA621R4,B001ABYS4C,B0002ZW5UQ,"
ABQWMANK4AR63,"B003YC8NS2,A3TNM3C9ENUCFW,APD7XINUVG5AL,B008XWXZ9U,A93YMZM7YKG1G,A38YS1DNHC3CVC,A3JV4PJZD5O4NJ,A1FDSZISWIXH1A,B015WFNLR6,B000O7NP38,A1TPWGBNIYJ76F,"
AQCL9JWDUGUO3,"B01A0NT3D6,B000PEJO76,B0010MGNK8,A2YKWYC3WQJX5J,B0032Z24JU,B00CYHM3Y8,B000Z5YFX8,A15T9G38F589KM,A2V5R832QCSOMX,B001GPUHZQ,AMUP8DYE7EAN2,"
A1BK60GZ4QME6I,"A39LRLKACX89IP,B01B4OIJ62,A3IUW081KXD3PE,A3KWR8J6CUUU63,A3HAA7H8PBVM78,B000AV4XW0,A231LBC8EGPO5L,A36U7QMYILRLSW,A2OW1FKQFPIA5D,A2GA64WZK8PKBC,A1O229NVVDJUX2,"
A2F540P3L6P5CL,"B00B95PWFS,A5P60H1YBPXBE,A19KLUZ1XD3SRN,A1EMN4T3ROJDOO,AR2CNXO5LU4JP,A1CEG62GJ3BI5U,B00M0V39VE,B00014GT8W,B00J66M2SM,B0012XM8MC,B004DQ0D1I,"
A1FUBPW8U2RYUY,"B003YC8NS2,A3TNM3C9ENUCFW,APD7XINUVG5AL,ABQWMANK4AR63,B008XWXZ9U,A93YMZM7YKG1G,A38YS1DNHC3CVC,A3JV4PJZD5O4NJ,B00176B8BG,B000IIA5UO,B00176GSEI,"
A1YH6DMZOS59A2,"B017GZJFV6,A1DW36J0ZTN8QY,A3HAA7H8PBVM78,B01B3QIEPC,A3KWR8J6CUUU63,B001GPUHZQ,AMUP8DYE7EAN2,A1BK60GZ4QME6I,B01B4OIJ62,B00PSFLL3M,A3AO77W3NW2N9G,"
A9O3ZVSNHZ0WJ,"B0017SWIU4,B00T57UPNQ,A2G4LKK57XMBL3,B0010MGK6A,AVFJ327UXPXLF,B00J4F3YVY,B001CJJ5XG,B0013A6NFM,B001G60E3K,B001GAOV9Y,B0052H2JXW,"
AI133BDJHFORJ,"B00VVX77RE,B0065I8MC4,B001QTLNK0,A2IGQTQGWVL230,A1YH6DMZOS59A2,B01B3QIEPC,B0058YKIA0,AIK0G28AWIL17,A3NDUBKYPI47N2,A2V5R832QCSOMX,A3IUW081KXD3PE,"
A3OC93X866Z8TB,"B001QTLNK0,A2IGQTQGWVL230,A3NDUBKYPI47N2,B01B3QIEPC,A1YH6DMZOS59A2,B0058YKIA0,AIK0G28AWIL17,A2V5R832QCSOMX,B016FD2DQY,B017GZJFV6,A1DW36J0ZTN8QY,"
A3LQCSMM1V6M0R,"B0013A6NFM,A2OW1FKQFPIA5D,B000Z5YFY2,B00T57UPNQ,A2G4LKK57XMBL3,B001CJJ5XG,A3HAA7H8PBVM78,B01B4OIJ62,B0015ZC0ZM,B0017SWIU4,A9O3ZVSNHZ0WJ,"
A2FNBD43DEZPM3,"B01A982YRO,A1O229NVVDJUX2,A36U7QMYILRLSW,A3IUW081KXD3PE,B008H6N7TU,B01B4OIJ62,A2V5R832QCSOMX,A1BK60GZ4QME6I,A231LBC8EGPO5L,A3KWR8J6CUUU63,ANHL7BB84WJMF,"
A1ZENB34HH2EIM,"B00H2VO6P0,AE76U8LPKIO20,B00M0V39VE,B00J66M2SM,B003QXZWYW,A1IZJVLNMFACS6,ANHL7BB84WJMF,B00B95PWFS,A5P60H1YBPXBE,A19KLUZ1XD3SRN,A1EMN4T3ROJDOO,"
A2OQYSTYR8SSVQ,"B00B95PWFS,A5P60H1YBPXBE,A19KLUZ1XD3SRN,A1EMN4T3ROJDOO,AR2CNXO5LU4JP,A2F540P3L6P5CL,A1CEG62GJ3BI5U,B00M0V39VE,A1ZENB34HH2EIM,B00014GT8W,A36U7QMYILRLSW,"
A2ECM9HLMC242H,"B00DX7QL2S,B01B4OIJ6M,B001EGP680,A2FRAS05LEI6JJ,A3HAA7H8PBVM78,A2OW1FKQFPIA5D,B001PLXLU4,A27D0VRNOOUNRR,A3KWR8J6CUUU63,A2GA64WZK8PKBC,A3IUW081KXD3PE,"
A1O3UXMAN62I6V,"B00C8FVY3M,B00150NTJ8,B00172PC3A,AIWN1666ZUAP9,ACMSQCH1H7JZD,B000NG80GM,B000142FVW,B002P3L99G,B00TKOK5KC,A1CEG62GJ3BI5U,A36U7QMYILRLSW,"
A2065HBMYDXJ1S,"B0010MGNK8,A2YKWYC3WQJX5J,A15T9G38F589KM,B00J66M2SM,A1FDSZISWIXH1A,B01AZR97RE,A3JV4PJZD5O4NJ,A36U7QMYILRLSW,A2FNBD43DEZPM3,A1BK60GZ4QME6I,B009S7H0UE,"
A67ZXSOC2XH4O,"B00B95PWFS,A5P60H1YBPXBE,A19KLUZ1XD3SRN,A1EMN4T3ROJDOO,AR2CNXO5LU4JP,A2F540P3L6P5CL,A2OQYSTYR8SSVQ,A1CEG62GJ3BI5U,B00M0V39VE,A1ZENB34HH2EIM,B00014GT8W,"
A3M3W5GV0HIQK4,"A2OQYSTYR8SSVQ,A3KWR8J6CUUU63,B001EGP680,A2FRAS05LEI6JJ,B00B95PWFS,A5P60H1YBPXBE,A19KLUZ1XD3SRN,A1EMN4T3ROJDOO,AR2CNXO5LU4JP,A2F540P3L6P5CL,A67ZXSOC2XH4O,"
A2HNOQBIAAOZU,"A35IX2GE0VC0JP,B016KDZHCG,A2B8GXSCB1R05T,A38YS1DNHC3CVC,A1BK60GZ4QME6I,A2GA64WZK8PKBC,A3IUW081KXD3PE,A23P5BO1UGNIRR,B00DX7QL2S,A2ECM9HLMC242H,B001PLXLU4,"
AGJN8GZ637X6P,"B00KSS3MJ0,A2FNBD43DEZPM3,A36U7QMYILRLSW,AIWN1666ZUAP9,A1CEG62GJ3BI5U,ACMSQCH1H7JZD,B000142FVW,B000NG80GM,A2OQYSTYR8SSVQ,B001B271Q2,B01CF4J540,"
A2Z8HBD9WFK2Z3,"A3U5HKDHPYBAK3,B002SQ6K1M,A22E56DQ8FTP36,A15T9G38F589KM,B00B4F0LZ4,A31AVXMESQRQAC,A24O15MYDNLZBE,A231LBC8EGPO5L,A3KWR8J6CUUU63,B000TUNMW4,A39LRLKACX89IP,"
A37UX46Q3OVSAC,"B003BT6HMW,AJX9A4Q19UTJU,B01B3QIEPC,B002P3L99G,A1YH6DMZOS59A2,B01DSY5XZ6,AMS2CPERWN7JV,A1J5PASA4OMBI4,B00U1E54CE,B000V3ME6Y,B017UMXLTM,"
A1MOHHZ5ZSQCRD,"B0015ZC1CY,B0015ZC0ZM,B00172BJ3W,B01BM67SPU,A2Z8HBD9WFK2Z3,B00B4F0LZ4,A31AVXMESQRQAC,A24O15MYDNLZBE,B000AV4XW0,A3U5HKDHPYBAK3,B000TUNMW4,"
A2TRPBDNFSO1TL,"B00G193SGW,B001G60E3K,B001GAOV9Y,B0052H2JXW,B00WIJP48Y,B002P3L99G,B00V3LFC3U,B00172I5IE,B00F6XZN9O,B001QTLNK0,A2IGQTQGWVL230,"
A234G6UKEMMDCY,"B00TBJWR0M,B0060OUV5Y,B001G60E3K,B001GAOV9Y,B0052H2JXW,B00WIJP48Y,A1J5PASA4OMBI4,B00TBJWP86,B00IMJF09M,B00F6XZN9O,B001QTLNK0,"
A12DQZKRKTNF5E,"B01CP39M4O,AP9Z703TP9YCM,AGA7LFNS3YUXC,A1TPWGBNIYJ76F,A224KM22RQ5CD4,A5GPH59NDWJRB,B01CP39HMG,A1GQAKL9CGQLP1,A3FHSLWEMH7JD8,A3VGAP2KLCBNBB,A2BYZFC6T5MINP,"
A306NASGVUDFKF,"B000GEJQKK,A3JUHP1E3WUHEA,A2V5R832QCSOMX,A1O229NVVDJUX2,B01B4OIJ62,A1BK60GZ4QME6I,B00LNJSDWO,B01A982YRO,A3IUW081KXD3PE,A231LBC8EGPO5L,B009S7H0UE,"
A2KWQ64TRHB3YH,"A3U5HKDHPYBAK3,B01A982YRO,B00B4F0LZ4,A31AVXMESQRQAC,A24O15MYDNLZBE,A2Z8HBD9WFK2Z3,A1O229NVVDJUX2,A2FNBD43DEZPM3,A36U7QMYILRLSW,A3IUW081KXD3PE,A231LBC8EGPO5L,"
A2OCDK0BOW6UCY,"AP9Z703TP9YCM,AGA7LFNS3YUXC,B00G193RVI,B01CP39M4O,A12DQZKRKTNF5E,A2UM324B00HBC8,A1TPWGBNIYJ76F,A3VGAP2KLCBNBB,B01CP39HMG,A1GQAKL9CGQLP1,A3FHSLWEMH7JD8,"
ALBW2ZBS6Z2AY,"B01CP39FL4,A3T6HX48F66512,A3AHDR4F2J7YXX,A39LRLKACX89IP,A1TPWGBNIYJ76F,A36U7QMYILRLSW,B01CP39HMG,A1GQAKL9CGQLP1,A3FHSLWEMH7JD8,A5GPH59NDWJRB,A3VGAP2KLCBNBB,"
A3M6TSEV71537G,"B0058YKIA0,AIK0G28AWIL17,A1YH6DMZOS59A2,A3HAA7H8PBVM78,A3NDUBKYPI47N2,B017GZJFV6,A1DW36J0ZTN8QY,B01B3QIEPC,A2V5R832QCSOMX,A2FNBD43DEZPM3,B00PSFLL3M,"
ADVSW4W1HHYF7,"B000KQD45C,B000LD3J3Q,B000ULGO7M,B01F8B7H24,A3NHUQ33CFH3VM,B00203MP9E,B00J9PYEYU,A2BYZFC6T5MINP,B010BJFQ2G,B00KYCLTCM,B000KQ7X4K,"
A2OS3TIVAKUAHG,"B008XWXZ9U,A93YMZM7YKG1G,B003YC8NS2,A3TNM3C9ENUCFW,APD7XINUVG5AL,A1FUBPW8U2RYUY,ABQWMANK4AR63,A3JV4PJZD5O4NJ,A38YS1DNHC3CVC,B00176B8BG,B000IIA5UO,"
A11OTLEDSW8ZXD,"A2HNOQBIAAOZU,A2B8GXSCB1R05T,A35IX2GE0VC0JP,B016KDZHCG,A38YS1DNHC3CVC,B017GZJFV6,A1DW36J0ZTN8QY,A3HAA7H8PBVM78,B01B4OIJ6M,A3KWR8J6CUUU63,A1YH6DMZOS59A2,"
A1PZ8JEPEX03GD,"B000GHVTN4,B001FNPJ5C,AI133BDJHFORJ,B00B95PWYE,B001G60E3K,B001GAOV9Y,B0052H2JXW,B00WIJP48Y,B0002H842C,B001TBK62Q,B00XQU00BU,"
A3EAP2VG0BVYWX,"B000TUNMW4,B0010MGNK8,A2YKWYC3WQJX5J,A3IUW081KXD3PE,A231LBC8EGPO5L,A15T9G38F589KM,ANHL7BB84WJMF,A2Z8HBD9WFK2Z3,A93YMZM7YKG1G,B0032Z24JU,ABQWMANK4AR63,"
A2FBPS1P12N24T,"B003YC8NS2,A3TNM3C9ENUCFW,APD7XINUVG5AL,A1FUBPW8U2RYUY,ABQWMANK4AR63,B008XWXZ9U,A2OS3TIVAKUAHG,A38YS1DNHC3CVC,A3JV4PJZD5O4NJ,B00176B8BG,A3EAP2VG0BVYWX,"
A3B83GRTAX6QOM,"B001ABYS4C,B0006PKIQA,B004QA77JW,A2DUS24FBC9FH5,B0057MMSWY,B000QGKQXO,B004UMYEIS,A3PSZ52D77DM4P,B0001Z66UM,B00BJ5XCBE,AM2FXMJCQAHEE,"
A1BKSLDI2V3D5K,"B0001EKVCW,AW1YYDMOAII0I,B00COV2LUA,B001G9CJO4,B001LITXVW,B004SGZ610,B018GZYGFU,A5U5T6EWH90O0,A3QGVH7WIATOSP,B00ENIJNU8,B001B271Q2,"
A39ECS1S0CJ0X9,"ACMSQCH1H7JZD,B000142FVW,B000NG80GM,AIWN1666ZUAP9,A23IOT68MCMXMP,B003OGV7UO,B004N2S2JM,B001B271Q2,B001O51GUI,B00B9OR1IA,B0018BQ5MW,"
A1AK356ZAVT3DV,"B0031NNE56,A3E4EGAJSSL04J,B001O1K3I8,B001P3QHHG,A3HAA7H8PBVM78,B00B95PWFS,A5P60H1YBPXBE,A19KLUZ1XD3SRN,A1EMN4T3ROJDOO,AR2CNXO5LU4JP,A2F540P3L6P5CL,"
A1H6SBO7R007I8,"B000AV4XW0,A1BK60GZ4QME6I,A231LBC8EGPO5L,B00OMLC9HA,A2Z8HBD9WFK2Z3,A15T9G38F589KM,ANHL7BB84WJMF,A3JUHP1E3WUHEA,A2OW1FKQFPIA5D,B009S7H0UE,A141R97FHSSUQ0,"
A1O5T5R8A6EG7U,"B000NG80GM,AIWN1666ZUAP9,ACMSQCH1H7JZD,A39ECS1S0CJ0X9,B000142FVW,B001O51GUI,B003OGV7UO,B004N2S2JM,B0018BQ5MW,B00B9OR1IA,B00F9JGPTW,"
A1E3TWWRB1Q7CS,"A2OQYSTYR8SSVQ,A3M3W5GV0HIQK4,B017GZJFV6,A1DW36J0ZTN8QY,B000J10II4,B00B95PWFS,A5P60H1YBPXBE,A19KLUZ1XD3SRN,A1EMN4T3ROJDOO,AR2CNXO5LU4JP,A2F540P3L6P5CL,"
A1QSKSNWAGXKBZ,"B0010MGNK8,A2YKWYC3WQJX5J,A3IUW081KXD3PE,A3EAP2VG0BVYWX,A2065HBMYDXJ1S,B00V3LFC3U,A2V5R832QCSOMX,B000V3ME6Y,B01B3QIEPC,A231LBC8EGPO5L,A2TRPBDNFSO1TL,"
AS44QEHT3KSPK,"B009S7H0UE,A141R97FHSSUQ0,A231LBC8EGPO5L,A2V5R832QCSOMX,B01A982YRO,A3IUW081KXD3PE,A36U7QMYILRLSW,A2Z8HBD9WFK2Z3,A2FNBD43DEZPM3,B002P3L99G,A2KWQ64TRHB3YH,"
A2UT0FWM1DHKFJ,"B01CP39M4O,A12DQZKRKTNF5E,AP9Z703TP9YCM,A1TPWGBNIYJ76F,A2OCDK0BOW6UCY,A224KM22RQ5CD4,A3VGAP2KLCBNBB,B01CP39HMG,A1GQAKL9CGQLP1,A3FHSLWEMH7JD8,A5GPH59NDWJRB,"
AC5DFMPT2E0K2,"B000MIH34Q,A12C1OTJ37UUG7,B01D90BYKC,ATYL6HLA621R4,B001G9CJO4,B018GZYGFU,A5U5T6EWH90O0,AW1YYDMOAII0I,B0009OAGVA,B004SGZ610,B0161ZC5GY,"
A1EDG5ATUW3AYS,"B0015ZAOLY,B0015Z90NC,A1BK60GZ4QME6I,A1E3TWWRB1Q7CS,B000J10II4,A3HAA7H8PBVM78,A3KWR8J6CUUU63,A1O229NVVDJUX2,B000V3ME6Y,B01B4OIJ62,B008H6N7TU,"
A2FN8FBQAKOZ3B,"AP9Z703TP9YCM,A1TPWGBNIYJ76F,AGA7LFNS3YUXC,A2UT0FWM1DHKFJ,B01CP39M4O,A12DQZKRKTNF5E,A93YMZM7YKG1G,B008XWXZ9U,A2OS3TIVAKUAHG,A1O229NVVDJUX2,A36U7QMYILRLSW,"
A1SG1DJ72ISCRU,"B003RJ165Y,B0015Z52JS,B0032Z24JU,B000TUNMW4,A15T9G38F589KM,B009C5NAJC,B0006FMQWO,B01G2KWBZS,A2Z8HBD9WFK2Z3,A3EAP2VG0BVYWX,B000V3ME6Y,"
A2WW57XX2UVLM6,"A2OQYSTYR8SSVQ,A36U7QMYILRLSW,B00B95PWFS,A5P60H1YBPXBE,A19KLUZ1XD3SRN,A1EMN4T3ROJDOO,AR2CNXO5LU4JP,A2F540P3L6P5CL,A67ZXSOC2XH4O,B01CP39HMG,A1GQAKL9CGQLP1,"
A55DD6L83R61T,"B01CF4J540,A14NA0W8ESGDSI,B00ZE3SSSO,B00ZVFKY14,A5K3CK2PWYQ7O,B00JZ2AURM,APPJNVNF4BFLB,B00J9POUBC,B004W55086,A2OQYSTYR8SSVQ,A2FNBD43DEZPM3,"
A3MW6AIZWLJCOO,"B000CNTT9I,B01DOZ5AA2,B01DQG3DFI,A2UT0FWM1DHKFJ,B01CP39M4O,A12DQZKRKTNF5E,AGA7LFNS3YUXC,AP9Z703TP9YCM,B001FWXISS,B00MGSJG3G,A1TPWGBNIYJ76F,"
A2JZ8T64YZDQSI,"B000O7NP38,A2BYZFC6T5MINP,A1TPWGBNIYJ76F,B00203MP9E,B00J9PYEYU,B00SNM5US4,B014AH60PW,B000EMDK2Y,B00KYCLTCM,B000LD3J3Q,B005DUA5BG,"
A3UEQ1CYG8E6D2,"B000WN417I,B000Q34ZS4,B004XMAVFA,B00TKOK5KC,B00MFTOMLC,A23P5BO1UGNIRR,B0006PJRRG,B0006PJRVM,B0025YVBG6,A1JEAPSES2HNVE,B008H6N7TU,"
AT53ZTTO707MB,"B000AV4XW0,A1H6SBO7R007I8,B00T57UPNQ,A2G4LKK57XMBL3,A231LBC8EGPO5L,A2Z8HBD9WFK2Z3,ANHL7BB84WJMF,A15T9G38F589KM,A2OW1FKQFPIA5D,B0015ZC124,A1E3TWWRB1Q7CS,"
AYMD77ITD15PT,"B00JZ2AURM,APPJNVNF4BFLB,B00ZVFKY14,A5K3CK2PWYQ7O,B011JFR26Y,B004W55086,B01DSY5XZ6,A3NDUBKYPI47N2,B01CF4J540,A14NA0W8ESGDSI,A55DD6L83R61T,"
AZQKNX6F8S84Q,"B01CP39HMG,A1GQAKL9CGQLP1,A3FHSLWEMH7JD8,A5GPH59NDWJRB,A2WW57XX2UVLM6,A1O229NVVDJUX2,A36U7QMYILRLSW,AP9Z703TP9YCM,AGA7LFNS3YUXC,A2FN8FBQAKOZ3B,A3VGAP2KLCBNBB,"
A3N4CUW4UYC9I3,"B00KSS3MJ0,AGJN8GZ637X6P,A2FNBD43DEZPM3,A36U7QMYILRLSW,A1O5T5R8A6EG7U,AIWN1666ZUAP9,ACMSQCH1H7JZD,A39ECS1S0CJ0X9,B000142FVW,B000NG80GM,A2OQYSTYR8SSVQ,"
AIWSX8DYYGBJY,"B0006PJRRG,B0006PJRVM,B00R3PZK14,B00CNE2GOO,B00X8T2L5W,B002K6AHQY,B00UI3OLZE,B017GZJFV6,A1DW36J0ZTN8QY,B00J66M2SM,A3M3W5GV0HIQK4,"
A3H5QGH5OD2XGX,"B01CP39HMG,A1GQAKL9CGQLP1,A3FHSLWEMH7JD8,A5GPH59NDWJRB,AZQKNX6F8S84Q,A1O229NVVDJUX2,A224KM22RQ5CD4,A2WW57XX2UVLM6,AP9Z703TP9YCM,A36U7QMYILRLSW,A2FN8FBQAKOZ3B,"
A2O421DTA8J0RW,"B008XWXZ9U,A2OS3TIVAKUAHG,A93YMZM7YKG1G,B003YC8NS2,A3TNM3C9ENUCFW,APD7XINUVG5AL,A1FUBPW8U2RYUY,A2FBPS1P12N24T,ABQWMANK4AR63,A3JV4PJZD5O4NJ,A38YS1DNHC3CVC,"
